{"LiH": -0.00830576995061888, "BeH2": -0.0505652621770058, "H2O": -0.06774544547063788, "Be2C": 0.004141643300336895, "Be3N2": -0.04896246286213346, "BN": -0.14336625610931453, "B2O3": 0.06971157165055608, "BeF2": 0.07322577318906154, "BeO": 0.13459461873286305, "Li3N": -0.05110261110611569, "Li2O": 0.05593813376462009, "AlN": -0.04459535818656124, "Al2O3": 0.11019756506039036, "AlF3": 0.07590990042787915, "BeCl2": 0.12610696911626174, "BeS": -0.02514767294832132, "CaH2": -0.04344983014092951, "AlCl3": 0.13027804277189836, "CCl4": 0.1182049774080268, "Ca3N2": -0.03733869525080835, "CaO": 0.06272614086295025, "KF": 0.053522177959307804, "K2O": 0.0733346709448004, "K2O2": 0.08028197378835422, "CaF2": 0.041898281436117735, "Cr5B3": -0.07791668313204914, "BeBr2": 0.07928438658894321, "BBr3": 0.10362229397343525, "As2O3": 0.10097135592787199, "AsF3": 0.2805732390414537, "As2O5": 0.16854678010383117, "CoO": 0.10315433086574655, "CaS": 0.019649355301162963, "AlBr3": 0.1447366059254911, "AsCl3": 0.05568439107837242, "CoCl2": 0.14137557490548802, "Ag2O": -0.04312771956341059, "AgF": -0.005679351387806619, "BaH2": 0.0001755016913479457, "BeI2": 0.029499064157455512, "CaBr2": 0.09059065161072066, "Rb2S": 0.04908444314625249, "CaSe": -0.3587459279487939, "KBr": 0.07685346292336925, "AgCl": 0.11001525827093273, "BaF2": 0.08326983656781906, "LiF": 0.010547689153742379, "CoBr2": 0.12374104161858268, "BaS": 0.03842011685005353, "BaCl2": 0.13339681275716053, "CdCl2": 0.09834837555574838, "Ce2O3": 0.049141191325007494, "CeF3": 0.12321816660996632, "NdF3": 0.012198873136208377, "EuN": 0.09874163297632665, "Ca3Sb2": 0.8707284899517829, "EuO": 0.02237897261453048, "AgBr": 0.14373117469280483, "CeCl3": 0.18421454644775892, "Er2O3": -0.02586831687600455, "Au2O3": -0.17226402263373344, "EuCl3": 0.33406210390677504, "BaBr2": 0.17165512082742485, "BiF3": -0.08041619685971568, "Bi2O3": 0.03490595556577003, "ErCl3": 0.16689864484365113, "MgB2": 0.1607816232228308, "AuCl": -0.03624326350602927, "AuCl3": -0.05001395129962605, "HfCl4": 0.05201934951240039, "BiCl3": 0.038714379706632385, "Ca2Pb": 0.013727751530023258, "Ba2Sn": 0.6146486375161128, "MgO": 0.11112332620036636, "AuBr": -0.04449778044053895, "MgF2": 0.08844333778539415, "HfBr4": 0.1496454052324887, "BiBr3": 0.043327151773483896, "SiO2": 0.1145681737646651, "HgBr": 0.6048849037396409, "PbBr2": 0.009333017792476861, "UFe2": 0.15898921764386764, "SO3": -0.08760089066507293, "ThBr4": 0.14571516441047594, "UBr4": 0.218744903257577, "Mg2Si": 0.083100062729878, "KO2": 0.037576742397489094, "Na2S": 0.008516312573361162, "CrB": -0.09268704581045728, "MgS": 0.12518028960204397, "NaCl": 0.10455286429125499, "ScN": -0.5800916815574635, "TiC": 0.006497692486289397, "Cr23C6": 0.056981681482117866, "Cr7C3": 0.09580611485930038, "Cr3C2": 0.12297687944812263, "MgCl2": 0.1346080815907693, "Cr2N": 0.026695227001349187, "CrN": -0.005668048739782772, "Fe2B": 0.050834690755621414, "FeB": 0.07092032173794388, "Mn2B": 0.03344019203901971, "CaMg2": 0.019253745830366167, "Cr2O3": -0.1997538932078644, "V2O3": -0.10928667458953445, "VO2": 2.328797360043708, "PCl3": 0.0979798422531164, "CaAl2": 0.41517243483733784, "CrF2": -0.030434741833314405, "CrF3": -0.1265522758480322, "VF4": -0.08889786527346422, "Ni3B": 0.014031577485426355, "CaSi": 0.21534315011654515, "Fe2O3": 0.0638764643106775, "Fe3O4": 0.09481246178681357, "Ni2B": -0.06544089947682516, "Ni4B3": -0.006197497080490333, "Co3O4": -0.14560802034404285, "FeF2": 0.12089450614858155, "K2S": 0.049141091941528714, "MnF2": 0.08904677465817556, "FeF3": 0.2209728162384348, "CoF3": 0.05134780966268426, "KCl": 0.0956941534125999, "NiO": 0.002970198303025251, "Ti5Si3": -0.03718727469117866, "TiSi": -0.10144470237473124, "CaCl2": 0.10967568654815629, "Cu2O": 0.1076132934038519, "CuO": 0.02105246268262506, "Li2Se": 0.04705992642080359, "TiSi2": -0.056961484897722514, "Cr3Si": -0.08259533165597283, "CrSi2": -0.06128463815488727, "CuF2": 0.047909406163340496, "GaN": -0.06439223346183065, "LiBr": 0.09234482430914004, "Ga2O3": 0.20646678052702638, "AlFe": -0.02011476787781491, "ZnO": 0.21792565475994974, "RbH": 0.013261720261257215, "ScCl3": 0.03474418941842261, "FeSi": 0.0011737800864229375, "GeO2": 0.2779549840995743, "MnP": -0.11364675351982911, "Mn3Si": -0.05674765208196619, "MnSi": -0.0746417974471768, "VCl2": -0.04977118621166965, "VCl3": -0.03255980082010379, "VCl4": -0.10488960562694816, "CrCl3": -0.03302748938342015, "FeS": 0.1543951833921644, "FeS2": -0.00308505265372061, "MnCl2": 0.13318796338169503, "FeCl2": 0.19499067146968851, "FeCl3": 0.04075351405651917, "Mg2Ge": 0.08802135980046866, "Ni3S2": 0.03832853305601258, "Ni3S4": -0.02593194517209224, "Ni3P": 0.1747209092048665, "NiCl2": -0.014240792905325428, "Rb2O": 0.0938853621690885, "CuCl": 0.24769399873971742, "CuCl2": 0.03354474218351122, "NaBr": 0.09046008427417207, "MgBr2": 0.11651650621457321, "RbF": 0.043383970509634384, "SrO": 0.08212045010742086, "GaCl3": 0.17986610903519318, "Nb2N": -0.08075899986111723, "NbN": -0.005917219754804304, "YF3": -0.004311540044767526, "ZrO2": 0.010543450653825559, "NbO2": 0.11111506739739019, "Nb2O5": 0.11407468362232098, "SiBr4": 0.11578433822538925, "ZrF4": -0.04163852089379283, "MoO2": -0.057082954675658826, "MoO3": -0.12938534506077293, "NbF5": 0.025167705838053056, "SeCl4": 0.021205869660661847, "RuO2": -0.14472848328001575, "RuF5": -0.29733446982058775, "PdO": -0.024874429850851643, "RbCl": 0.10136101996983804, "SrS": -0.01306229917789592, "Li2Te": 0.08563894436672381, "SrCl2": 0.10276402319763234, "V3Ge": -0.0424465411339654, "CdO": 0.1354684795890737, "CsH": 0.2449523669690825, "InN": 0.632688745389911, "LiI": 0.059611730477170166, "V5Ge3": 0.03171781586846556, "CdF2": 0.01766078574867347, "In2O3": 0.11314784819663126, "Li2O2": 0.07010504480355961, "YCl3": 0.06090858969054658, "MnAs": -0.20152474125346975, "TiBr3": 0.06791552403252887, "TiBr4": 0.0035049450402526716, "MnSe": -0.0430597816336028, "MoCl5": -0.0014469488388509921, "NbCl4": 0.04888963025480786, "NbCl5": 0.026616983379898596, "MnBr2": 0.11365735908234509, "Sb2O3": 0.1016650691698695, "Sb2O5": 0.10520099124059001, "SbO2": 0.08477636053829585, "NaH": 0.005111695219376322, "FeBr2": 0.20164589746238337, "SbF3": -0.031544281172988686, "TeO2": 0.003944438953017659, "RuCl3": -0.009371360625006542, "NiSe2": -0.10046813395737994, "Cs2O": 0.08104870702224853, "CsO2": 0.05572008854074195, "Mg3Sb2": 0.2062193216257372, "BaO": 0.13507969283796672, "BaO2": 0.14154821432236275, "CsF": 0.06025466902395937, "CeN": -0.026297935223007718, "CuBr": 0.2541003705225159, "CeO2": 0.006826227729422207, "GaBr3": 0.17483166102772985, "InCl": 0.04755901999801482, "MgH2": -0.012335339981764781, "InCl2": 0.13963122376397008, "InCl3": 0.28064522983601403, "LaF3": -0.0029699339879529774, "Nd2O3": 0.08394922913377911, "Pr2O3": 0.13746971899440652, "SnCl2": 0.12093113540759037, "PrF3": 0.01902192732995367, "SbCl3": 0.08032001386679055, "TeCl4": 0.01824676535619496, "Sm2O3": 0.03500674335069043, "ICl": 0.02013935425706448, "Eu2O3": 0.4477960709934239, "CsCl": 0.12252697536543522, "EuF3": 0.38904761997993553, "Gd2O3": 0.06636005196882566, "KI": 0.045237919519195424, "RbBr": 0.07986055818052984, "GdF3": 0.3129535269887729, "SrBr2": 0.13149879939505738, "Tb2O3": -0.01658426842796068, "Dy2O3": -0.050697374256090555, "LaCl3": 0.06862696961498616, "V3Sn": 0.03784023125093655, "DyF3": 0.029940972518782694, "Ho2O3": -0.033159084254375415, "TbF3": -0.027526958517452904, "TiI4": 0.0064303342786303785, "HoF3": -0.009935082142169982, "MnSb": -0.1112506218989672, "ZrBr4": 0.12844193216109434, "ZrBr3": 0.12379517618842795, "TiI3": -0.04269936751201442, "ErF3": 0.003407840594312539, "MnTe": 0.11299322817444846, "MnTe2": 0.09609003210037809, "NbBr5": 0.05532889865719859, "NdCl3": 0.10977207420161106, "Tm2O3": -0.07790218887686251, "MoBr2": -0.01811904364644601, "HfN": 0.015063056164775102, "Lu2O3": -0.1377547893216704, "TmF3": 0.2512922060507359, "HfO2": 0.014298877374322672,