{"Hf": [2.63159205540019, 9.67849317891991, 734.9359102379516], "Pa": [2.058418793445711, 0.6827472611682279, 3.8575352303045958], "Pr": [2.5529111493946064, 1.0369829070533894, 4.600606140405605], "Ge": [3.291959560408822, 2.6345344887490927, 15.375304720622616], "Ir": [3.0626544632978376, 2.7282399509175788, 23.738686448031874], "Er": [2.9666187974288643, 12.531835743673664, 1064.73948332031], "Co": [4.277765166032852, 5.780167063164618, 62.08339042608537], "Cl": [5.88622818953367, 5.87416095587965, 23.097046208543503], "Tm": [2.90165702447351, 7.698267933063011, 1226.6380150699495], "Ho": [3.00191492448935, 25.373351402409035, 6326.580070977722], "Be": [2.0735385961683694, 1.3075652461540779, 6.386318005187307], "As": [2.927476565281586, 2.4780503446526985, 10.965066987160945], "Li": [3.3552976432507675, 3.673559039520009, 15.330959938151894], "Au": [3.4875908165023946, 3.5191039435277944, 45.239207511055575], "Zr": [2.4066736940854128, 0.9805247795173979, 4.432646890459783], "Ca": [2.9976317340345755, 2.0591215822889666, 8.90733654534101], "Mg": [2.7492825881332905, 5.772957789181419, 421.9547680917007], "F": [8.900400868506349, 8.597864273282461, 33.702441318527164], "Ne": [13.052567716447175, 13.030969985717656, 65.51438984446523], "O": [8.344719987144805, 8.62690707747667, 43.564508223702774], "Tc": [8.171718753451744, 618.2421533750336, 66442.61602690589], "Y": [2.4830788144561726, 1.2013041657332828, 5.836677330322626], "Sn": [3.697583504698794, 2.9708022167816357, 17.685994512830483], "Ac": [2.3952880904166385, 0.9221624536523357, 4.186004617717708], "Dy": [3.2321740163301986, 64.77450642148877, 13324.926438649716], "Tb": [3.109016698060226, 46.2494095573907, 11720.502727059518], "Na": [3.670026443058406, 6.421425532649035, 385.40166133024996], "K": [3.781080618823385, 2.8114591694201048, 10.134844544878215], "Al": [1.7857315750123286, 1.303596186758892, 21.19068202065356], "N": [10.316572970737115, 11.548864667442283, 54.28091802629984], "Pb": [2.772612570675603, 0.8661601380852049, 5.844064656933245], "La": [2.5146943717981225, 1.0629629609179345, 4.708745687123969], "Tl": [3.1800431892140852, 1.121526913148075, 9.292550911662635], "Mo": [5.226030151231879, 300.19178726349094, 35292.53011533771], "Ar": [10.08894643061993, 11.014270879716667, 65.85032868291142], "Nd": [2.560213355319515, 1.0270053653890794, 4.634760355401189], "Pt": [3.4710031518370394, 4.791288476102183, 60.32690039121681], "Si": [2.780316802557944, 2.5091099920533604, 14.151750396622392], "V": [1247.1641835864157, 146305.41855057285, 17202558.830099355], "Nb": [12.77999662670513, 1184.7227207252474, 139300.62771013452], "Ta": [7.70216714742575, 610.8140432216483, 71819.8832503437], "W": [2.1126040321025275, 0.4777605726345619, 3.8604802665006215], "Yb": [3.1247114222675103, 9.506890626041256, 1460.748965960795], "Ce": [2.3377263456297652, 0.9978052527804198, 8.288605599487603], "Zn": [3.260602201157445, 2.458444147103995, 24.06548061911058], "Pd": [4.983340172504301, 17.82750123423944, 409.4945190478241], "Cu": [14.993087784488036, 1379.592821192716, 162215.01802965862], "H": [169.86272797512584, 329.5871192818629, 3047.9871524550476], "Cr": [14.518358320020738, 1374.2943344647883, 161591.16893179837], "Rh": [5.944953372417874, 365.6651774899668, 42995.742330814246], "Ba": [2.9255046533821023, 1.5481167338698114, 6.574370690467469], "Ni": [13.875690507133447, 1249.67870380836, 146939.70574028618], "Kr": [9.307760115910437, 10.30055696583895, 61.85600390198588], "Ru": [7.540797072481286, 527.1136318359671, 56584.84126773779], "C": [4.143758773426854, 4.089905490463662, 19.370301237493063], "Ti": [56.94596225029578, 10566.398085938987, 2070610.8416156454], "Cd": [3.6707442427955344, 6.161494326827701, 128.98490061679868], "Fe": [3.9980071733463434, 70.63931814171536, 8288.557857705924], "Ag": [4.373444566115248, 9.3601895754998, 179.08046335007322], "Bi": [2.5172121868344575, 1.948098995393369, 11.225414565916763], "B": [2.4804683886419365, 2.2235692605077135, 22.52643126985591], "Sc": [2.4695764780753726, 1.3067310435319546, 6.026987182651935], "Sr": [2.9300433793275444, 1.663292157509501, 6.449690616780248], "Os": [2.7800666989107055, 16.116249267924953, 1651.730668606448], "Xe": [7.915284199922917, 8.882037818681985, 54.95338243461768], "Lu": [2.876680102594024, 8.208361667699863, 1021.0404387275339], "In": [2.871232441843907, 1.1641760672036763, 14.000890102162865], "Te": [2.952870789271363, 2.600878327559, 14.008520934671166], "Ga": [2.8309235197183495, 1.3586756389227834, 9.58027098427393], "Hg": [3.837536685547755, 1.9692794627079566, 19.244398538692913], "Sm": [2.5279847494154017, 1.0342103137641032, 4.634487766561486], "Gd": [2.4901304353413205, 0.9889479592267101, 4.92403797326247], "Re": [2.857721044104129, 32.88487174508103, 3495.990506754771], "Pm": [2.531455919536065, 1.0320464432058163, 4.745524603581843], "Th": [2.142391772411391, 0.7626363044443356, 3.776605381879708], "U": [2.009827175477896, 0.644640316079597, 3.3919715717596066], "Br": [4.945517100257024, 4.845327657368386, 19.997851987445422], "Cs": [3.8634800941175125, 2.3806983753424755, 8.211427113491336], "Mn": [3.199959120133965, 37.28257327681779, 17893.984390415833], "Sb": [2.405033128941616, 1.9028072679428287, 11.497445918688635], "S": [5.271907965932735, 5.504285012876414, 31.50150141245177], "Se": [4.0031918918570195, 3.7905165030754735, 18.384315348890684], "P": [3.821828738670159, 4.014292565292365, 29.168283398040685], "Eu": [2.5899661645943097, 1.0951894557026065, 4.891024266967228], "Rb": [3.797130234006934, 2.52973291448494, 8.945988522199897], "Pu": [2.1765540022334693, 0.7142883715147508, 5.115828179230171], "I": [4.302915883773079, 4.226079994914096, 17.562580623253684], "Np": [2.0821113279128163, 0.6647439203427221, 3.7241111790744266]}