{"LiH": 0.01768573731807494, "BeH2": 0.7703378076395764, "H2O": 0.06862248587736061, "Be2C": -0.013203919774738816, "Be3N2": 0.04015298664582743, "BN": 0.11025882044033206, "B2O3": -0.026440493040323546, "BeF2": -0.02064342745400372, "BeO": -0.042693584624907785, "Li3N": 0.11985275387718357, "Li2O": -0.027043288700937872, "AlN": 0.02706298396012588, "Al2O3": -0.03172558368204092, "AlF3": -0.019396437955618472, "BeCl2": -0.07435361129843264, "BeS": 0.020711396959054575, "CaH2": 0.06925558301512649, "AlCl3": -0.0712548196522913, "CCl4": -0.4212252703055608, "Ca3N2": 0.04100428422860576, "CaO": -0.019059226451647825, "KF": -0.018164089427008215, "K2O": -0.05844949141530618, "K2O2": -0.06249270199098214, "CaF2": -0.009892821495280407, "Cr5B3": 0.24163333226010345, "BeBr2": -0.06453695477131968, "BBr3": -0.16742656121283384, "As2O3": -0.07316202171554279, "AsF3": -0.11317929801442277, "As2O5": -0.12372138288928221, "CoO": -0.08373087575274457, "CaS": -0.008012825478082165, "AlBr3": -0.10925381728876574, "AsCl3": -0.06812733742076625, "CoCl2": -0.13093157112300538, "Ag2O": 0.40140119091285975, "AgF": 0.005322720785794107, "BaH2": -0.0002842754165289735, "BeI2": -0.045250511439849796, "CaBr2": -0.03837851805245008, "Rb2S": -0.03934584989521379, "CaSe": 0.1880158609778622, "KBr": -0.03766007899983126, "AgCl": -0.16714996823718878, "BaF2": -0.019940230907127387, "LiF": -0.0032992256545132867, "CoBr2": -0.16605278856541417, "BaS": -0.015992587085029538, "BaCl2": -0.04497372608830502, "CdCl2": -0.07284423499962442, "Ce2O3": -0.013172762588010416, "CeF3": -0.027447179335075497, "NdF3": -0.002748583866138571, "EuN": -0.08756543430256304, "Ca3Sb2": -0.5770091177350686, "EuO": -0.007320707256455105, "AgBr": -0.27543098563473223, "CeCl3": -0.06719214326039862, "Er2O3": 0.006575460101302293, "Au2O3": 24.442575642225243, "EuCl3": -0.13726005768234598, "BaBr2": -0.06557365898192609, "BiF3": 0.03409043700396813, "Bi2O3": -0.029506857506963576, "ErCl3": -0.06490637315062492, "MgB2": -0.5060589464131526, "AuCl": 0.1921397426709822, "AuCl3": 0.1630274561467389, "HfCl4": -0.025338773296357517, "BiCl3": -0.03945465839917992, "Ca2Pb": -0.01899416824589729, "Ba2Sn": -0.4724209606735167, "MgO": -0.03566546870585761, "AuBr": 0.6047018485289478, "MgF2": -0.022771342828002514, "HfBr4": -0.09423434685148145, "BiBr3": -0.060564065611324214, "SiO2": -0.03640795963508478, "HgBr": -0.5716799556633705, "PbBr2": -0.009738672324917087, "UFe2": -1.4292044225211606, "SO3": 0.07711275666298324, "ThBr4": -0.07279370422257167, "UBr4": -0.13156510809804658, "Mg2Si": -0.30908755179615693, "KO2": -0.03822971759012414, "Na2S": -0.0067334000036056215, "CrB": 0.22669050439925018, "MgS": -0.06987112157411893, "NaCl": -0.049074809474533465, "ScN": 0.3567261858320029, "TiC": -0.006810924925851387, "Cr23C6": -0.4854373878641637, "Cr7C3": -0.5753479150314058, "Cr3C2": -0.6950737550109175, "MgCl2": -0.060726534837505564, "Cr2N": -0.06156065591138456, "CrN": 0.00933630779071718, "Fe2B": -0.14355518110073823, "FeB": -0.1879882087136681, "Mn2B": -0.10567100551808138, "CaMg2": -0.1418094703099752, "Cr2O3": 0.08492694425436237, "V2O3": 0.043257963137608046, "VO2": -0.47232570993799866, "PCl3": -0.11785671271331548, "CaAl2": -0.5545646090963151, "CrF2": 0.011362722199953068, "CrF3": 0.04214128858035593, "VF4": 0.030561319945711762, "Ni3B": -0.06091524921913705, "CaSi": -0.27592902203817615, "Fe2O3": -0.03732961523991118, "Fe3O4": -0.05712967646647345, "Ni2B": 0.29690063889355583, "Ni4B3": 0.023371149910722935, "Co3O4": 0.10806714953406364, "FeF2": -0.04957722735416094, "K2S": -0.03777401670554901, "MnF2": -0.030438265094722305, "FeF3": -0.081859190896656, "CoF3": -0.02507375376276877, "KCl": -0.04228724741127993, "NiO": -0.0023911603649518828, "Ti5Si3": 0.04953272199260237, "TiSi": 0.15093177796108376, "CaCl2": -0.0398924413227905, "Cu2O": -0.18247238288331216, "CuO": -0.026031203474836055, "Li2Se": -0.03242508424477338, "TiSi2": 0.12313549937103056, "Cr3Si": 0.3464886089852817, "CrSi2": 0.22201759698740334, "CuF2": -0.02573332831662592, "GaN": 0.11337419765924174, "LiBr": -0.050781512420983554, "Ga2O3": -0.09145632123579424, "AlFe": 0.07732191471212188, "ZnO": -0.11998076563596888, "RbH": -0.04893160550416184, "ScCl3": -0.014594273641235085, "FeSi": -0.002849121043477853, "GeO2": -0.13871678770436266, "MnP": 0.22796766648849612, "Mn3Si": 0.19820148627498835, "MnSi": 0.22057698673726456, "VCl2": 0.031216832709452146, "VCl3": 0.021621081871965146, "VCl4": 0.08880371067731617, "CrCl3": 0.022350820847682897, "FeS": -0.2930407008455182, "FeS2": 0.005205585679105045, "MnCl2": -0.08011648928746945, "FeCl2": -0.1651134299295281, "FeCl3": -0.03937974075372352, "Mg2Ge": -0.22116588891389552, "Ni3S2": -0.08548125266878646, "Ni3S4": 0.05816504125576441, "Ni3P": -0.3063699219176418, "NiCl2": 0.013518128421305882, "Rb2O": -0.08018790513781425, "CuCl": -0.34617935183603293, "CuCl2": -0.04716825487945604, "NaBr": -0.048299574864814905, "MgBr2": -0.064332054820426, "RbF": -0.015068095044816272, "SrO": -0.026766679400341237, "GaCl3": -0.13229991437383729, "Nb2N": 0.09235944990374845, "NbN": 0.004830160010904436, "YF3": 0.0009683435129942869, "ZrO2": -0.0027808439616753846, "NbO2": -0.04045854199610484, "Nb2O5": -0.04056020728867414, "SiBr4": -0.12216475660124712, "ZrF4": 0.010510154395188973, "MoO2": 0.028107420781731427, "MoO3": 0.0670117583374411, "NbF5": -0.008032796746828707, "SeCl4": -0.05421450389964447, "RuO2": 0.13735254862598598, "RuF5": 0.19277689599516887, "PdO": 0.04155874676255234, "RbCl": -0.044954500924602535, "SrS": 0.005378995981602223, "Li2Te": -0.06970952184965987, "SrCl2": -0.035887872022263706, "V3Ge": 0.11601894104239072, "CdO": -0.1011665731067463, "CsH": -0.8753448326445497, "InN": -0.8840721756643868, "LiI": -0.0425927243973756, "V5Ge3": -0.07378671484737534, "CdF2": -0.007298715499083582, "In2O3": -0.05895403235927115, "Li2O2": -0.04276878909420319, "YCl3": -0.02350714202181921, "MnAs": 0.6834510225274216, "TiBr3": -0.047640127464446784, "TiBr4": -0.0027361518817264007, "MnSe": 0.053401508124362104, "MoCl5": 0.0015889253765134271, "NbCl4": -0.03396063507934458, "NbCl5": -0.01932222013264553, "MnBr2": -0.08547364021292575, "Sb2O3": -0.06849035025969938, "Sb2O5": -0.07052354149563106, "SbO2": -0.05411031071274277, "NaH": -0.017476475353625332, "FeBr2": -0.23445705193005337, "SbF3": 0.013297915655125675, "TeO2": -0.003609679125090389, "RuCl3": 0.014289985655488998, "NiSe2": 0.4501718857284987, "Cs2O": -0.06780356718387137, "CsO2": -0.05635399631859254, "Mg3Sb2": -0.33161899562171565, "BaO": -0.047557430803591726, "BaO2": -0.06459400821545627, "CsF": -0.020962591482754128, "CeN": 0.015547579743561229, "CuBr": -0.4687754998569996, "CeO2": -0.0018120804740168288, "GaBr3": -0.1745337907907964, "InCl": -0.04928837636914719, "MgH2": 0.046888838001596336, "InCl2": -0.11140323869612077, "InCl3": -0.20162433514185024, "LaF3": 0.0006618664215543357, "Nd2O3": -0.022396364691888875, "Pr2O3": -0.0366484623509986, "SnCl2": -0.10575299785967071, "PrF3": -0.004287920042184563, "SbCl3": -0.08131902638075711, "TeCl4": -0.027185688937130605, "Sm2O3": -0.00926598611529365, "ICl": -0.1097144308193701, "Eu2O3": -0.12992648292931322, "CsCl": -0.05339259955603619, "EuF3": -0.09273070362042338, "Gd2O3": -0.017525515010489563, "KI": -0.02662272454636865, "RbBr": -0.03905409264876505, "GdF3": -0.07108569240344423, "SrBr2": -0.05301461612864238, "Tb2O3": 0.004289455949211642, "Dy2O3": 0.013130275924407162, "LaCl3": -0.024737072778250654, "V3Sn": -0.21829759520893677, "DyF3": -0.006719852704279243, "Ho2O3": 0.008503974422381138, "TbF3": 0.006220382305523791, "TiI4": -0.00825652060876706, "HoF3": 0.0022368211414295577, "MnSb": 0.7892686178563705, "ZrBr4": -0.08146155387374002, "ZrBr3": -0.07512591004455665, "TiI3": 0.05115173022586955, "ErF3": -0.0007635124383270487, "MnTe": -0.19967379392118334, "MnTe2": -0.22539575350756483, "NbBr5": -0.05760333165077601, "NdCl3": -0.04071264669308889, "Tm2O3": 0.019898391928090505,